USE bd_cbe;


SELECT * FROM persona;

-- Registro de Alumnos en la tabla Persona
INSERT INTO persona (Nombres, Apellidos, Fecha_Nacimiento, Direccion, Genero, Telefono) VALUES
('Maria Jose', 'Lopez Martinez', '2011-06-15', 'Barrio Central, La Libertad, Chontales, Nicaragua', 'F', '7854-4874'),
('Juan Carlos', 'Vega Bolaños', '2012-08-20', 'Barrio San Juan, La Libertad, Chontales, Nicaragua', 'M', '7853-1268'),
('Ana Sofia', 'Pérez Miranda', '2013-04-10', 'Barrio El Progreso, La Libertad, Chontales, Nicaragua', 'F', '7845-5467'),
('Miguel Angel', 'Torres Quezada', '2014-07-22', 'Barrio Las Palmas, La Libertad, Chontales, Nicaragua', 'M', '7852-9931'),
('Lucia Isabel', 'Méndez Flores', '2015-09-30', 'Barrio La Armonía, La Libertad, Chontales, Nicaragua', 'F', '7851-8843'),
('Carlos José', 'Ruiz Salgado', '2011-02-11', 'Barrio Nuevo Amanecer, La Libertad, Chontales, Nicaragua', 'M', '7856-4771'),
('Elena Marisol', 'Navarro Quiroz', '2010-11-03', 'Barrio San Mateo, La Libertad, Chontales, Nicaragua', 'F', '7854-4123'),
('Ricardo José', 'Méndez Alvarado', '2016-03-14', 'Barrio Las Mercedes, La Libertad, Chontales, Nicaragua', 'M', '7852-5698'),
('Sofia Carolina', 'Morales Luna', '2013-05-29', 'Barrio El Jardín, La Libertad, Chontales, Nicaragua', 'F', '7845-9954'),
('Luis Fernando', 'Castillo Fuentes', '2014-10-17', 'Barrio El Bosque, La Libertad, Chontales, Nicaragua', 'M', '7853-8896'),
('Carmen Teresa', 'Lopez Alvarado', '2010-12-25', 'Barrio Santa María, La Libertad, Chontales, Nicaragua', 'F', '7854-4770'),
('Diego Alejandro', 'Vega Luna', '2011-09-30', 'Barrio Las Colinas, La Libertad, Chontales, Nicaragua', 'M', '7853-2367'),
('Natalia Isabel', 'Martínez Rojas', '2013-07-21', 'Barrio El Edén, La Libertad, Chontales, Nicaragua', 'F', '7845-5697'),
('José Daniel', 'Torres Espinoza', '2014-02-15', 'Barrio San Marcos, La Libertad, Chontales, Nicaragua', 'M', '7852-4785'),
('Laura Cristina', 'Ruiz Castillo', '2015-01-28', 'Barrio El Recreo, La Libertad, Chontales, Nicaragua', 'F', '7851-7754'),
('Esteban Javier', 'Navarro Morales', '2010-08-09', 'Barrio Nuevo Horizonte, La Libertad, Chontales, Nicaragua', 'M', '7856-4341'),
('Andrea Michelle', 'Méndez Vargas', '2011-04-30', 'Barrio La Esperanza, La Libertad, Chontales, Nicaragua', 'F', '7854-4412'),
('Oscar René', 'Morales Sandoval', '2012-07-14', 'Barrio Las Lomas, La Libertad, Chontales, Nicaragua', 'M', '7853-2135'),
('Patricia Elena', 'Castillo Méndez', '2013-11-03', 'Barrio La Paz, La Libertad, Chontales, Nicaragua', 'F', '7845-5564'),
('Jorge Alberto', 'Fuentes Calvo', '2014-09-19', 'Barrio El Progreso, La Libertad, Chontales, Nicaragua', 'M', '7852-9971'),
('Isabel Cristina', 'Martínez García', '2012-02-11', 'Barrio El Mirador, La Libertad, Chontales, Nicaragua', 'F', '7854-4523'),
('David Enrique', 'Fuentes Castillo', '2013-06-22', 'Barrio La Estación, La Libertad, Chontales, Nicaragua', 'M', '7853-9912'),
('Gabriela Maria', 'Navarro Méndez', '2011-07-30', 'Barrio Los Ángeles, La Libertad, Chontales, Nicaragua', 'F', '7845-3327'),
('Roberto Carlos', 'Sandoval Vargas', '2014-11-09', 'Barrio Las Américas, La Libertad, Chontales, Nicaragua', 'M', '7852-5543'),
('Diana Carolina', 'Ruiz Fernández', '2015-12-28', 'Barrio San Pedro, La Libertad, Chontales, Nicaragua', 'F', '7851-2298'),
('Francisco Javier', 'Luna Solano', '2010-09-15', 'Barrio Las Brisas, La Libertad, Chontales, Nicaragua', 'M', '7856-1987'),
('Eduardo José', 'Lopez Solís', '2011-05-21', 'Barrio Santa Rosa, La Libertad, Chontales, Nicaragua', 'M', '7854-3781'),
('Samantha Nicole', 'Castro Quiroz', '2013-03-14', 'Barrio Los Cedros, La Libertad, Chontales, Nicaragua', 'F', '7845-9463'),
('Manuel Esteban', 'Méndez Alvarado', '2012-10-18', 'Barrio La Joya, La Libertad, Chontales, Nicaragua', 'M', '7853-8829'),
('Fernanda Isabel', 'Torres Ramírez', '2014-04-20', 'Barrio El Bosque, La Libertad, Chontales, Nicaragua', 'F', '7852-1120'),
('José Andrés', 'Morales Cabrera', '2015-08-29', 'Barrio El Retiro, La Libertad, Chontales, Nicaragua', 'M', '7851-9450'),
('Karla Patricia', 'Vega Montoya', '2010-10-25', 'Barrio La Floresta, La Libertad, Chontales, Nicaragua', 'F', '7856-3745'),
('Daniel Alejandro', 'Martínez Reyes', '2011-03-19', 'Barrio El Prado, La Libertad, Chontales, Nicaragua', 'M', '7854-5623'),
('Valeria Nicole', 'Pérez Sánchez', '2013-01-31', 'Barrio San José, La Libertad, Chontales, Nicaragua', 'F', '7845-2134'),
('Marco Antonio', 'Torres Luna', '2012-07-16', 'Barrio Las Palmas, La Libertad, Chontales, Nicaragua', 'M', '7853-7986'),
('Jimena Alejandra', 'Fuentes Roble', '2014-12-23', 'Barrio Santa Clara, La Libertad, Chontales, Nicaragua', 'F', '7852-3241'),
('Miguel Fernando', 'Navarro Martín', '2015-10-12', 'Barrio El Eden, La Libertad, Chontales, Nicaragua', 'M', '7851-6698'),
('Cecilia María', 'Méndez Bermúdez', '2010-04-09', 'Barrio El Centro, La Libertad, Chontales, Nicaragua', 'F', '7856-4545'),
('Diego Alberto', 'Ruiz Montenegro', '2011-08-13', 'Barrio Las Victorias, La Libertad, Chontales, Nicaragua', 'M', '7854-2387'),
('Andrea Carolina', 'Castillo Vega', '2013-02-27', 'Barrio El Recreo, La Libertad, Chontales, Nicaragua', 'F', '7845-7791'),
('Sergio Rafael', 'Morales Salgado', '2011-03-15', 'Barrio Las Flores, La Libertad, Chontales, Nicaragua', 'M', '7854-3652'),
('Julia Estefanía', 'Castro Fernández', '2012-04-19', 'Barrio Los Robles, La Libertad, Chontales, Nicaragua', 'F', '7853-8821'),
('Martín Alejandro', 'Vargas Lobo', '2013-05-23', 'Barrio El Arenal, La Libertad, Chontales, Nicaragua', 'M', '7845-4567'),
('Carla Daniela', 'Luna Mora', '2014-06-28', 'Barrio San Martin, La Libertad, Chontales, Nicaragua', 'F', '7852-9923'),
('Tomás Enrique', 'Pérez Molina', '2015-07-31', 'Barrio Bella Vista, La Libertad, Chontales, Nicaragua', 'M', '7851-8452'),
('Alejandra Cecilia', 'Méndez Bravo', '2010-08-12', 'Barrio Las Cruces, La Libertad, Chontales, Nicaragua', 'F', '7856-4932'),
('Omar Gustavo', 'Navarro Quiñónez', '2011-09-17', 'Barrio El Porvenir, La Libertad, Chontales, Nicaragua', 'M', '7854-4245'),
('Lorena Isabel', 'Fuentes Cabrera', '2012-10-20', 'Barrio Los Pinos, La Libertad, Chontales, Nicaragua', 'F', '7845-5487'),
('César Antonio', 'Torres Campos', '2013-11-25', 'Barrio San José, La Libertad, Chontales, Nicaragua', 'M', '7853-8964'),
('Noelia Cristina', 'Ruiz Toledo', '2014-12-30', 'Barrio La Unión, La Libertad, Chontales, Nicaragua', 'F', '7852-7791'),
('Iván Rodrigo', 'Martínez Solano', '2010-01-15', 'Barrio Las Margaritas, La Libertad, Chontales, Nicaragua', 'M', '7851-9473'),
('Clara Jimena', 'Pérez Arroyo', '2011-02-18', 'Barrio El Bosque, La Libertad, Chontales, Nicaragua', 'F', '7856-3834'),
('Mario Alberto', 'Castillo Luna', '2012-03-21', 'Barrio El Mirador, La Libertad, Chontales, Nicaragua', 'M', '7854-4698'),
('Susana Patricia', 'Morales Serrano', '2013-04-24', 'Barrio Las Américas, La Libertad, Chontales, Nicaragua', 'F', '7845-5721'),
('Leonardo José', 'Navarro Martínez', '2014-05-27', 'Barrio Santa Fe, La Libertad, Chontales, Nicaragua', 'M', '7853-8822'),
('Camila Estefanía', 'Fuentes Orozco', '2015-06-29', 'Barrio La Esperanza, La Libertad, Chontales, Nicaragua', 'F', '7852-9961'),
('Felipe Andrés', 'Torres Vásquez', '2010-07-30', 'Barrio Los Ángeles, La Libertad, Chontales, Nicaragua', 'M', '7851-8462'),
('Sara Michelle', 'Ruiz Corrales', '2011-08-31', 'Barrio El Centro, La Libertad, Chontales, Nicaragua', 'F', '7856-4987'),
('Javier Eduardo', 'Castro Mendieta', '2012-09-16', 'Barrio El Progreso, La Libertad, Chontales, Nicaragua', 'M', '7854-4319'),
('Daniela Fernanda', 'López Miranda', '2013-10-19', 'Barrio San Francisco, La Libertad, Chontales, Nicaragua', 'F', '7845-5689'),
('Eduardo Ramón', 'Vega Morales', '2014-03-18', 'Barrio La Flor, La Libertad, Chontales, Nicaragua', 'M', '7852-4571'),
('Beatriz Elena', 'Morales Quiroz', '2015-04-22', 'Barrio El Sol, La Libertad, Chontales, Nicaragua', 'F', '7851-2431'),
('Rodrigo Manuel', 'Castro Juárez', '2010-05-25', 'Barrio La Luna, La Libertad, Chontales, Nicaragua', 'M', '7856-5432'),
('Camila Beatriz', 'Fuentes Machado', '2011-06-29', 'Barrio El Lago, La Libertad, Chontales, Nicaragua', 'F', '7854-8822'),
('Juan Martín', 'Torres Peralta', '2012-07-31', 'Barrio El Río, La Libertad, Chontales, Nicaragua', 'M', '7845-6673'),
('Verónica Isabel', 'Luna Salinas', '2013-08-30', 'Barrio La Montaña, La Libertad, Chontales, Nicaragua', 'F', '7853-9954'),
('Carlos Esteban', 'Pérez Cardona', '2014-09-28', 'Barrio El Bosque, La Libertad, Chontales, Nicaragua', 'M', '7852-1123'),
('Mónica Raquel', 'Navarro Trejos', '2015-10-26', 'Barrio La Playa, La Libertad, Chontales, Nicaragua', 'F', '7851-4572'),
('Oscar Daniel', 'López Fortuna', '2010-11-24', 'Barrio Las Dunas, La Libertad, Chontales, Nicaragua', 'M', '7856-7745'),
('Ana Lucía', 'Martínez Valle', '2011-12-22', 'Barrio La Selva, La Libertad, Chontales, Nicaragua', 'F', '7854-2356'),
('Gustavo Adolfo', 'Castillo Luna', '2012-01-20', 'Barrio El Desierto, La Libertad, Chontales, Nicaragua', 'M', '7845-5667'),
('Carolina Estefanía', 'Ruiz Delgado', '2013-02-17', 'Barrio El Oasis, La Libertad, Chontales, Nicaragua', 'F', '7853-7788'),
('Mauricio José', 'Fuentes Cabrera', '2014-03-18', 'Barrio La Cascada, La Libertad, Chontales, Nicaragua', 'M', '7852-4421'),
('Fernanda Gabriela', 'Morales Espinoza', '2015-04-19', 'Barrio El Cañón, La Libertad, Chontales, Nicaragua', 'F', '7851-3891'),
('Andrés Felipe', 'Vega Montenegro', '2010-05-21', 'Barrio Las Colinas, La Libertad, Chontales, Nicaragua', 'M', '7856-9854'),
('Laura Mariana', 'Castro Rivas', '2011-06-23', 'Barrio El Valle, La Libertad, Chontales, Nicaragua', 'F', '7854-6523'),
('Nicolás Eduardo', 'Torres Mena', '2012-07-26', 'Barrio El Volcán, La Libertad, Chontales, Nicaragua', 'M', '7845-7289'),
('Diana Carolina', 'Pérez Barquero', '2013-08-29', 'Barrio El Cráter, La Libertad, Chontales, Nicaragua', 'F', '7853-4412'),
('Gabriel Alejandro', 'Luna Campos', '2014-09-30', 'Barrio La Estepa, La Libertad, Chontales, Nicaragua', 'M', '7852-1234'),
('Sofía Margarita', 'Navarro Bermúdez', '2015-10-31', 'Barrio El Acantilado, La Libertad, Chontales, Nicaragua', 'F', '7851-6547'),
('Ricardo José', 'Martínez Soto', '2012-03-15', 'Barrio La Cumbre, La Libertad, Chontales, Nicaragua', 'M', '7854-4512'),
('Mariana Elizabeth', 'Vargas Espinoza', '2013-04-18', 'Barrio El Valle, La Libertad, Chontales, Nicaragua', 'F', '7853-9981'),
('Esteban Andrés', 'Ruiz Correa', '2011-05-20', 'Barrio Las Mesas, La Libertad, Chontales, Nicaragua', 'M', '7845-7876'),
('Gabriela Nicole', 'Luna Quiroz', '2014-06-25', 'Barrio Los Pinos, La Libertad, Chontales, Nicaragua', 'F', '7852-4561'),
('Fernando Manuel', 'Pérez Casanova', '2015-07-28', 'Barrio El Roble, La Libertad, Chontales, Nicaragua', 'M', '7851-1231'),
('Daniela Fernanda', 'Castro Zamora', '2010-08-10', 'Barrio La Loma, La Libertad, Chontales, Nicaragua', 'F', '7856-8974'),
('Jorge Luis', 'Morales Cáceres', '2011-09-15', 'Barrio La Sierra, La Libertad, Chontales, Nicaragua', 'M', '7854-7715'),
('Laura Cristina', 'Navarro Méndez', '2012-10-19', 'Barrio El Bosque, La Libertad, Chontales, Nicaragua', 'F', '7845-4589'),
('Antonio José', 'Fuentes Calvo', '2013-11-21', 'Barrio La Pradera, La Libertad, Chontales, Nicaragua', 'M', '7853-9123'),
('Sofía Alejandra', 'López Carrillo', '2014-12-24', 'Barrio El Jazmín, La Libertad, Chontales, Nicaragua', 'F', '7852-8761'),
('Carlos Eduardo', 'Vega Alvarado', '2010-01-13', 'Barrio El Cedro, La Libertad, Chontales, Nicaragua', 'M', '7851-9542'),
('Patricia Josefina', 'Martínez Ortega', '2011-02-16', 'Barrio El Pino, La Libertad, Chontales, Nicaragua', 'F', '7856-4381'),
('Mario Alberto', 'Ruiz Bravo', '2012-03-18', 'Barrio La Palma, La Libertad, Chontales, Nicaragua', 'M', '7854-9890'),
('Isabella Cristina', 'Fuentes Mora', '2013-04-21', 'Barrio La Ceiba, La Libertad, Chontales, Nicaragua', 'F', '7845-7766'),
('Domingo Ernesto', 'Castro Solís', '2014-05-23', 'Barrio El Mango, La Libertad, Chontales, Nicaragua', 'M', '7853-8654'),
('Ana María', 'Morales Gutiérrez', '2015-06-27', 'Barrio La Uva, La Libertad, Chontales, Nicaragua', 'F', '7852-3362'),
('Javier Francisco', 'Navarro Montealegre', '2010-07-29', 'Barrio Las Violetas, La Libertad, Chontales, Nicaragua', 'M', '7851-9901'),
('María Fernanda', 'Luna Salazar', '2011-08-31', 'Barrio Las Orquídeas, La Libertad, Chontales, Nicaragua', 'F', '7856-4210'),
('José Miguel', 'Vega Toledo', '2012-09-30', 'Barrio Las Rosas, La Libertad, Chontales, Nicaragua', 'M', '7854-4782'),
('Cecilia Gabriela', 'Pérez Murillo', '2013-10-31', 'Barrio Las Margaritas, La Libertad, Chontales, Nicaragua', 'F', '7845-9145'),
('Tomás Alejandro', 'Castillo Miranda', '2014-01-02', 'Barrio La Colina, La Libertad, Chontales, Nicaragua', 'M', '7852-5454'),
('Claudia Patricia', 'Fuentes Valle', '2015-02-05', 'Barrio El Mirador, La Libertad, Chontales, Nicaragua', 'F', '7851-3265'),
('Luis Eduardo', 'Morales Montenegro', '2010-03-09', 'Barrio Las Torres, La Libertad, Chontales, Nicaragua', 'M', '7856-7932'),
('Carmen Lorena', 'Navarro Pineda', '2011-04-11', 'Barrio El Bosque, La Libertad, Chontales, Nicaragua', 'F', '7854-7758'),
('Francisco José', 'Luna Porras', '2012-05-14', 'Barrio San Miguel, La Libertad, Chontales, Nicaragua', 'M', '7845-6891'),
('Sara Carolina', 'Vega Aguilar', '2013-06-16', 'Barrio Los Robles, La Libertad, Chontales, Nicaragua', 'F', '7853-8267'),
('Marco Antonio', 'Ruiz Calderón', '2014-07-19', 'Barrio La Estancia, La Libertad, Chontales, Nicaragua', 'M', '7852-9426'),
('Juliana Estefanía', 'Martínez Fajardo', '2015-08-21', 'Barrio El Prado, La Libertad, Chontales, Nicaragua', 'F', '7851-6347'),
('Carlos Miguel', 'Fuentes Rojas', '2010-09-23', 'Barrio El Encanto, La Libertad, Chontales, Nicaragua', 'M', '7856-4882'),
('Daniela Vanessa', 'Pérez Mendoza', '2011-10-27', 'Barrio El Retiro, La Libertad, Chontales, Nicaragua', 'F', '7854-3699'),
('José David', 'Castro Solano', '2012-11-30', 'Barrio Las Palmas, La Libertad, Chontales, Nicaragua', 'M', '7845-8024'),
('Andrea Michelle', 'Morales Quintana', '2013-12-31', 'Barrio La Arboleda, La Libertad, Chontales, Nicaragua', 'F', '7853-9134'),
('Gabriel Esteban', 'Navarro Torres', '2014-01-30', 'Barrio El Convento, La Libertad, Chontales, Nicaragua', 'M', '7852-1748'),
('Fabiola Cristina', 'Luna Alvarado', '2015-03-03', 'Barrio San Antonio, La Libertad, Chontales, Nicaragua', 'F', '7851-2854'),
('Ernesto Rafael', 'Vega Martín', '2010-04-06', 'Barrio Las Nubes, La Libertad, Chontales, Nicaragua', 'M', '7856-4376'),
('María Fernanda', 'Ruiz Obando', '2011-05-10', 'Barrio El Llano, La Libertad, Chontales, Nicaragua', 'F', '7854-5429'),
('Andrés Felipe', 'Martínez Cordero', '2012-06-12', 'Barrio La Pradera, La Libertad, Chontales, Nicaragua', 'M', '7845-9118'),
('Verónica Isabel', 'Fuentes Orozco', '2013-07-14', 'Barrio La Campiña, La Libertad, Chontales, Nicaragua', 'F', '7853-6589'),
('Oscar René', 'Pérez Zambrana', '2014-08-17', 'Barrio Las Flores, La Libertad, Chontales, Nicaragua', 'M', '7852-4842'),
('Ana Gabriela', 'Castro Morales', '2015-09-19', 'Barrio El Rodeo, La Libertad, Chontales, Nicaragua', 'F', '7851-7665'),
('Rodrigo Sebastián', 'Luna Vargas', '2010-10-02', 'Barrio El Olivo, La Libertad, Chontales, Nicaragua', 'M', '7852-5271'),
('Valeria Alejandra', 'Fuentes Molina', '2011-11-05', 'Barrio El Naranjo, La Libertad, Chontales, Nicaragua', 'F', '7851-3312'),
('Diego Armando', 'Martínez Bonilla', '2012-12-09', 'Barrio El Peral, La Libertad, Chontales, Nicaragua', 'M', '7845-7933'),
('Lucía Fernanda', 'Navarro Lozano', '2013-01-12', 'Barrio La Acequia, La Libertad, Chontales, Nicaragua', 'F', '7853-9254'),
('Miguel Ángel', 'Ruiz Miranda', '2014-02-15', 'Barrio Las Amapolas, La Libertad, Chontales, Nicaragua', 'M', '7852-4877'),
('Camila Daniela', 'Vega Rodríguez', '2015-03-20', 'Barrio El Refugio, La Libertad, Chontales, Nicaragua', 'F', '7851-7688'),
('Luis Antonio', 'Morales Quintanilla', '2010-04-23', 'Barrio Los Robles, La Libertad, Chontales, Nicaragua', 'M', '7856-4923'),
('Fabián Alejandro', 'Castro Villalobos', '2011-05-28', 'Barrio La Estación, La Libertad, Chontales, Nicaragua', 'M', '7854-7134'),
('Elena Carolina', 'Pérez Bermúdez', '2012-06-30', 'Barrio El Cedro, La Libertad, Chontales, Nicaragua', 'F', '7845-8245'),
('Juan Pablo', 'Martínez Cortés', '2013-08-03', 'Barrio Las Palomas, La Libertad, Chontales, Nicaragua', 'M', '7853-6987'),
('Sofía Marisol', 'Luna Campos', '2014-09-06', 'Barrio El Arenal, La Libertad, Chontales, Nicaragua', 'F', '7852-5796'),
('Iván Francisco', 'Fuentes Solórzano', '2015-10-10', 'Barrio La Laguna, La Libertad, Chontales, Nicaragua', 'M', '7851-3461'),
('Cecilia Mariana', 'Ruiz Delgado', '2010-11-13', 'Barrio El Bosque, La Libertad, Chontales, Nicaragua', 'F', '7856-8049'),
('Andrés Felipe', 'Castro Espinoza', '2011-12-17', 'Barrio La Colina, La Libertad, Chontales, Nicaragua', 'M', '7854-4598'),
('Claudia Verónica', 'Morales Aráuz', '2012-01-19', 'Barrio El Mirador, La Libertad, Chontales, Nicaragua', 'F', '7845-9775'),
('Esteban Javier', 'Vega Martínez', '2013-02-21', 'Barrio La Meseta, La Libertad, Chontales, Nicaragua', 'M', '7853-4684'),
('Alejandra Patricia', 'Pérez Velásquez', '2014-03-25', 'Barrio El Valle, La Libertad, Chontales, Nicaragua', 'F', '7852-6742'),
('Nicolás Eduardo', 'Martínez Vargas', '2015-04-27', 'Barrio Las Laderas, La Libertad, Chontales, Nicaragua', 'M', '7851-9453'),
('Patricia Josefina', 'Luna Blandón', '2010-05-30', 'Barrio Las Terrazas, La Libertad, Chontales, Nicaragua', 'F', '7856-5147'),
('Óscar Rafael', 'Fuentes Sánchez', '2011-07-02', 'Barrio El Prado, La Libertad, Chontales, Nicaragua', 'M', '7854-8276'),
('Mariana Sofia', 'Ruiz Chavarría', '2012-08-04', 'Barrio La Cuesta, La Libertad, Chontales, Nicaragua', 'F', '7845-6029'),
('Rafael Antonio', 'Castro Morales', '2013-09-07', 'Barrio El Risco, La Libertad, Chontales, Nicaragua', 'M', '7853-7690'),
('Diana Carolina', 'Morales Sequeira', '2014-10-11', 'Barrio La Planicie, La Libertad, Chontales, Nicaragua', 'F', '7852-8805'),
('Carlos Esteban', 'Vega Calderón', '2015-11-14', 'Barrio La Montaña, La Libertad, Chontales, Nicaragua', 'M', '7851-6724'),
('Beatriz Adriana', 'Pérez Rojas', '2010-12-18', 'Barrio Las Colinas, La Libertad, Chontales, Nicaragua', 'F', '7856-5551');

-- Registro de docente a la tabla Persona
INSERT INTO persona (Nombres, Apellidos, Fecha_Nacimiento, Direccion, Genero, Telefono) VALUES
('Ana Gabriela', 'Vargas Espinoza', '1989-03-12', 'Barrio San José, La Libertad, Chontales, Nicaragua', 'F', '7855-1123'),
('Luis Manuel', 'González Rocha', '1991-07-19', 'Barrio El Edén, La Libertad, Chontales, Nicaragua', 'M', '7854-4428'),
('Sofia Elena', 'Martínez Luna', '1992-11-05', 'Barrio Los Laureles, La Libertad, Chontales, Nicaragua', 'F', '7853-7739'),
('Marco Antonio', 'Quintana Solórzano', '1993-05-22', 'Barrio Las Colinas, La Libertad, Chontales, Nicaragua', 'M', '7852-5687'),
('Diana Carolina', 'Flores Mora', '1995-08-30', 'Barrio Las Brisas, La Libertad, Chontales, Nicaragua', 'F', '7851-8960');


-- Inserción de los grados
INSERT INTO grado (ID_Grado, Cant_Estudiante, Plan_Estudio) VALUES (1, 32, 'Primer Grado');
INSERT INTO grado (ID_Grado, Cant_Estudiante, Plan_Estudio) VALUES (2, 31, 'Segundo Grado');
INSERT INTO grado (ID_Grado, Cant_Estudiante, Plan_Estudio) VALUES (3, 29, 'Tercer Grado');
INSERT INTO grado (ID_Grado, Cant_Estudiante, Plan_Estudio) VALUES (4, 25, 'Cuarto Grado');
INSERT INTO grado (ID_Grado, Cant_Estudiante, Plan_Estudio) VALUES (5, 28, 'Quinto Grado');


-- Inserccion de Tutor en la tabla tutor

USE bd_cbe;

INSERT INTO tutor (Nombres, Telefono) VALUES
('Mariana Estefanía', '7854-6321'),
('Jorge Luis', '7853-2178'),
('Claudia Patricia', '7845-5423'),
('Carlos Alberto', '7852-7893'),
('Luisa Fernanda', '7851-3214'),
('Ricardo José', '7856-3345'),
('Elena Marisol', '7854-6789'),
('Fabián Andrés', '7853-4456'),
('Daniela Carolina', '7845-8921'),
('Miguel Ángel', '7852-1453'),
('Patricia Josefina', '7851-7762'),
('Mario Enrique', '7856-2314'),
('Lucía Alejandra', '7854-3652'),
('Esteban Javier', '7853-5478'),
('Ana María', '7845-9923'),
('Oscar Daniel', '7852-3764'),
('Sofía Gabriela', '7851-5543'),
('Juan Carlos', '7856-7854'),
('Carmen Lorena', '7854-1234'),
('Rodrigo Manuel', '7853-6781'),
('Gabriela Nicole', '7845-7891'),
('Tomás Alejandro', '7852-4567'),
('Isabella Cristina', '7851-2345'),
('Nicolás Eduardo', '7856-8907'),
('Laura Cristina', '7854-3218'),
('Sergio Rafael', '7853-5467'),
('Valeria Alejandra', '7845-6789'),
('Diego Armando', '7852-1324'),
('Juliana Estefanía', '7851-4356'),
('Carlos Miguel', '7856-3412'),
('Verónica Isabel', '7854-2567'),
('Mauricio José', '7853-7890'),
('Fernanda Gabriela', '7845-8654'),
('Andrés Felipe', '7852-9087'),
('Sara Carolina', '7851-6758'),
('Antonio José', '7856-9086'),
('María Fernanda', '7854-2143'),
('Javier Francisco', '7853-4569'),
('Camila Daniela', '7845-3489'),
('Leonardo José', '7852-7852'),
('Karla Patricia', '7851-4687'),
('Manuel Esteban', '7856-5432'),
('Samantha Nicole', '7854-6754'),
('Omar Gustavo', '7853-4521'),
('Cecilia María', '7845-7893'),
('Iván Rodrigo', '7854-9923'),
('Paula Andrea', '7853-5471'),
('Alejandro Manuel', '7845-2321'),
('Cristina Isabel', '7852-4456'),
('Ernesto Joaquín', '7851-8789'),
('Silvia Marlene', '7856-1234'),
('Eduardo Raúl', '7854-5678'),
('Monica Raquel', '7853-9023'),
('Carlos Esteban', '7845-2311'),
('Julio César', '7852-6781'),
('Lorena Beatriz', '7851-5432'),
('Diego Sebastián', '7856-9082'),
('Natalia Mercedes', '7854-4357'),
('Gustavo Adolfo', '7853-5623'),
('Marta Lucía', '7845-8765'),
('Victor Hugo', '7852-3421'),
('Sara Milena', '7851-9084'),
('Rubén Dario', '7856-6754'),
('Teresa de Jesús', '7854-3241'),
('Óscar Mauricio', '7853-2145'),
('Ana Lucía', '7845-5463'),
('Héctor Fabio', '7852-7761'),
('Gabriela Sofía', '7851-9867'),
('Fernando José', '7856-3498'),
('Luisa Fernanda', '7854-7645'),
('Marco Antonio', '7853-9124'),
('Clara Inés', '7845-9123'),
('Juan Esteban', '7852-4987'),
('Carolina Andrea', '7851-7432'),
('Miguel Eduardo', '7856-1342'),
('Diana Carolina', '7854-8743'),
('Leonardo Andrés', '7853-9864'),
('Marcela Patricia', '7845-8123'),
('Felipe Alberto', '7852-0987'),
('Ricardo Alberto', '7851-5456'),
('Patricia Elena', '7856-4423'),
('Jorge Enrique', '7854-7789'),
('Luisa María', '7853-2164'),
('Rafael Arturo', '7845-9741'),
('Manuela Esperanza', '7852-8234'),
('Samuel Alejandro', '7851-2342'),
('Adriana Cecilia', '7856-9853'),
('Óscar Eduardo', '7854-5362'),
('Sofía Margarita', '7853-4782'),
('Pedro Nicolás', '7845-3452'),
('Catalina María', '7852-2987'),
('Fabio Andrés', '7851-7843'),
('Ángela María', '7856-8971'),
('Rodrigo Esteban', '7854-5621'),
('Valentina Alejandra', '7853-8321'),
('Mauricio Alberto', '7845-9876'),
('Jessica Paola', '7852-4321'),
('Julián David', '7851-3478'),
('Lucía Esperanza', '7856-4557'),
('Daniel Francisco', '7854-8723'),
('Elena Josefina', '7853-3265'),
('Gabriel Esteban', '7845-9087'),
('Isabel Cristina', '7852-4658'),
('Felipe Santiago', '7851-9754'),
('Verónica Leticia', '7856-7234'),
('Cristian Eduardo', '7854-3212'),
('Juliana Estefanía', '7853-4567'),
('Andrés Mauricio', '7845-8912'),
('Laura Camila', '7852-3345'),
('Mateo Nicolás', '7851-7765'),
('María Fernanda', '7856-2341'),
('Javier Alejandro', '7854-5679'),
('Sofía Catalina', '7853-8426'),
('Diego Fernando', '7845-9532'),
('Isabella Victoria', '7852-4623');


-- Registro en la tabla Alumno

USE bd_cbe;

INSERT INTO alumno (ID_Persona, ID_Tutor) VALUES
(1, 1),
(2, 2),
(3, 3),
(4, 4),
(5, 5),
(6, 6),
(7, 7),
(8, 8),
(9, 9),
(10, 10),
(11, 11),
(12, 12),
(13, 13),
(14, 14),
(15, 15),
(16, 16),
(17, 17),
(18, 18),
(19, 19),
(20, 20),
(21, 21),
(22, 22),
(23, 23),
(24, 24),
(25, 25),
(26, 26),
(27, 27),
(28, 28),
(29, 29),
(30, 30),
(31, 31),
(32, 32),
(33, 33),
(34, 34),
(35, 35),
(36, 36),
(37, 37),
(38, 38),
(39, 39),
(40, 40),
(41, 41),
(42, 42),
(43, 43),
(44, 44),
(45, 45),
(46, 46),
(47, 47),
(48, 48),
(49, 49),
(50, 50),
(51, 51),
(52, 52),
(53, 53),
(54, 54),
(55, 55),
(56, 56),
(57, 57),
(58, 58),
(59, 59),
(60, 60),
(61, 61),
(62, 62),
(63, 63),
(64, 64),
(65, 65),
(66, 66),
(67, 67),
(68, 68),
(69, 69),
(70, 70),
(71, 71),
(72, 72),
(73, 73),
(74, 74),
(75, 75),
(76, 76),
(77, 77),
(78, 78),
(79, 79),
(80, 80),
(81, 81),
(82, 82),
(83, 83),
(84, 84),
(85, 85),
(86, 86),
(87, 87),
(88, 88),
(89, 89),
(90, 90),
(91, 91),
(92, 92),
(93, 93),
(94, 94),
(95, 95),
(96, 96),
(97, 97),
(98, 98),
(99, 99),
(100, 100),
(101, 101),
(102, 102),
(103, 103),
(104, 104),
(105, 105),
(106, 106),
(107, 107),
(108, 108),
(109, 109),
(110, 110),
(111, 111),
(112, 112),
(113, 113),
(114, 114),
(115, 115),
(116, 7),
(117, 32),
(118, 15),
(119, 74),
(120, 45),
(121, 18),
(122, 64),
(123, 23),
(124, 56),
(125, 78),
(126, 91),
(127, 35),
(128, 3),
(129, 62),
(130, 47),
(131, 27),
(132, 82),
(133, 55),
(134, 99),
(135, 13),
(136, 41),
(137, 114),
(138, 88),
(139, 2),
(140, 70),
(141, 104),
(142, 36),
(143, 112),
(144, 66),
(145, 85);


-- Registro de a la tabla docente

USE bd_cbe;

INSERT INTO docente (ID_Persona, Correo, Especialidad) VALUES
(146, 'AnaGabriela89@gmail.com', 'Lengua y Literatura'),
(147, 'LuisManuel91@gmail.com', 'Matemáticas'),
(148, 'SofiaElena92@gmail.com', 'Ciencias Naturales'),
(149, 'MarcoAntonio93@gmail.com', 'Estudios Sociales'),
(150, 'DianaCarolina95@gmail.com', 'Educación Física');


-- Registro de Asignatura

USE bd_cbe;

INSERT INTO asignatura (Nombre_Asignatura, Horario, ID_Docente) VALUES
-- Asignaturas para el docente con ID 1
('Lengua y Literatura', '2024-05-14 07:30:00', 1),
('Matemáticas', '2024-05-15 07:30:00', 1),
('Ciencias Naturales', '2024-05-16 07:30:00', 1),
('Estudios Sociales', '2024-05-17 07:30:00', 1),
('Educación Física', '2024-05-18 07:30:00', 1),
-- Asignaturas para el docente con ID 2
('Lengua y Literatura', '2024-05-14 09:00:00', 2),
('Matemáticas', '2024-05-15 09:00:00', 2),
('Ciencias Naturales', '2024-05-16 09:00:00', 2),
('Estudios Sociales', '2024-05-17 09:00:00', 2),
('Educación Física', '2024-05-18 09:00:00', 2),
-- Asignaturas para el docente con ID 3
('Lengua y Literatura', '2024-05-14 10:30:00', 3),
('Matemáticas', '2024-05-15 10:30:00', 3),
('Ciencias Naturales', '2024-05-16 10:30:00', 3),
('Estudios Sociales', '2024-05-17 10:30:00', 3),
('Educación Física', '2024-05-18 10:30:00', 3),
-- Asignaturas para el docente con ID 4
('Lengua y Literatura', '2024-05-14 11:30:00', 4),
('Matemáticas', '2024-05-15 11:30:00', 4),
('Ciencias Naturales', '2024-05-16 11:30:00', 4),
('Estudios Sociales', '2024-05-17 11:30:00', 4),
('Educación Física', '2024-05-18 11:30:00', 4),
-- Asignaturas para el docente con ID 5
('Lengua y Literatura', '2024-05-14 12:30:00', 5),
('Matemáticas', '2024-05-15 12:30:00', 5),
('Ciencias Naturales', '2024-05-16 12:30:00', 5),
('Estudios Sociales', '2024-05-17 12:30:00', 5),
('Educación Física', '2024-05-18 12:30:00', 5);



-- Registro de matricula para Primer grado

USE bd_cbe;

INSERT INTO matricula (Anio_Escolar, ID_Grado, Tipo_Matricula, ID_Alumno) VALUES
('2023', 1, 'Primaria', 1),
('2023', 1, 'Primaria', 2),
('2023', 1, 'Primaria', 3),
('2023', 1, 'Primaria', 4),
('2023', 1, 'Primaria', 5),
('2023', 1, 'Primaria', 6),
('2023', 1, 'Primaria', 7),
('2023', 1, 'Primaria', 8),
('2023', 1, 'Primaria', 9),
('2023', 1, 'Primaria', 10),
('2023', 1, 'Primaria', 11),
('2023', 1, 'Primaria', 12),
('2023', 1, 'Primaria', 13),
('2023', 1, 'Primaria', 14),
('2023', 1, 'Primaria', 15),
('2023', 1, 'Primaria', 16),
('2023', 1, 'Primaria', 17),
('2023', 1, 'Primaria', 18),
('2023', 1, 'Primaria', 19),
('2023', 1, 'Primaria', 20),
('2023', 1, 'Primaria', 21),
('2023', 1, 'Primaria', 22),
('2023', 1, 'Primaria', 23),
('2023', 1, 'Primaria', 24),
('2023', 1, 'Primaria', 25),
('2023', 1, 'Primaria', 26),
('2023', 1, 'Primaria', 27),
('2023', 1, 'Primaria', 28),
('2023', 1, 'Primaria', 29),
('2023', 1, 'Primaria', 30),
('2023', 1, 'Primaria', 31),
('2023', 1, 'Primaria', 32);



-- Registro de matricula para Segundo grado


USE bd_cbe;

INSERT INTO matricula (Anio_Escolar, ID_Grado, Tipo_Matricula, ID_Alumno) VALUES
('2023', 2, 'Primaria', 33),
('2023', 2, 'Primaria', 34),
('2023', 2, 'Primaria', 35),
('2023', 2, 'Primaria', 36),
('2023', 2, 'Primaria', 37),
('2023', 2, 'Primaria', 38),
('2023', 2, 'Primaria', 39),
('2023', 2, 'Primaria', 40),
('2023', 2, 'Primaria', 41),
('2023', 2, 'Primaria', 42),
('2023', 2, 'Primaria', 43),
('2023', 2, 'Primaria', 44),
('2023', 2, 'Primaria', 45),
('2023', 2, 'Primaria', 46),
('2023', 2, 'Primaria', 47),
('2023', 2, 'Primaria', 48),
('2023', 2, 'Primaria', 49),
('2023', 2, 'Primaria', 50),
('2023', 2, 'Primaria', 51),
('2023', 2, 'Primaria', 52),
('2023', 2, 'Primaria', 53),
('2023', 2, 'Primaria', 54),
('2023', 2, 'Primaria', 55),
('2023', 2, 'Primaria', 56),
('2023', 2, 'Primaria', 57),
('2023', 2, 'Primaria', 58),
('2023', 2, 'Primaria', 59),
('2023', 2, 'Primaria', 60),
('2023', 2, 'Primaria', 61),
('2023', 2, 'Primaria', 62),
('2023', 2, 'Primaria', 63);



-- Registro de matricula para Tercer grado

USE bd_cbe;

INSERT INTO matricula (Anio_Escolar, ID_Grado, Tipo_Matricula, ID_Alumno) VALUES
('2023', 3, 'Primaria', 64),
('2023', 3, 'Primaria', 65),
('2023', 3, 'Primaria', 66),
('2023', 3, 'Primaria', 67),
('2023', 3, 'Primaria', 68),
('2023', 3, 'Primaria', 69),
('2023', 3, 'Primaria', 70),
('2023', 3, 'Primaria', 71),
('2023', 3, 'Primaria', 72),
('2023', 3, 'Primaria', 73),
('2023', 3, 'Primaria', 74),
('2023', 3, 'Primaria', 75),
('2023', 3, 'Primaria', 76),
('2023', 3, 'Primaria', 77),
('2023', 3, 'Primaria', 78),
('2023', 3, 'Primaria', 79),
('2023', 3, 'Primaria', 80),
('2023', 3, 'Primaria', 81),
('2023', 3, 'Primaria', 82),
('2023', 3, 'Primaria', 83),
('2023', 3, 'Primaria', 84),
('2023', 3, 'Primaria', 85),
('2023', 3, 'Primaria', 86),
('2023', 3, 'Primaria', 87),
('2023', 3, 'Primaria', 88),
('2023', 3, 'Primaria', 89),
('2023', 3, 'Primaria', 90),
('2023', 3, 'Primaria', 91),
('2023', 3, 'Primaria', 92);


-- Registro de matricula para Cuarto grado

USE bd_cbe;

INSERT INTO matricula (Anio_Escolar, ID_Grado, Tipo_Matricula, ID_Alumno) VALUES
('2023', 4, 'Primaria', 93),
('2023', 4, 'Primaria', 94),
('2023', 4, 'Primaria', 95),
('2023', 4, 'Primaria', 96),
('2023', 4, 'Primaria', 97),
('2023', 4, 'Primaria', 98),
('2023', 4, 'Primaria', 99),
('2023', 4, 'Primaria', 100),
('2023', 4, 'Primaria', 101),
('2023', 4, 'Primaria', 102),
('2023', 4, 'Primaria', 103),
('2023', 4, 'Primaria', 104),
('2023', 4, 'Primaria', 105),
('2023', 4, 'Primaria', 106),
('2023', 4, 'Primaria', 107),
('2023', 4, 'Primaria', 108),
('2023', 4, 'Primaria', 109),
('2023', 4, 'Primaria', 110),
('2023', 4, 'Primaria', 111),
('2023', 4, 'Primaria', 112),
('2023', 4, 'Primaria', 113),
('2023', 4, 'Primaria', 114),
('2023', 4, 'Primaria', 115),
('2023', 4, 'Primaria', 116),
('2023', 4, 'Primaria', 117);



-- Registro de matricula para Quinto grado


USE bd_cbe;

INSERT INTO matricula (Anio_Escolar, ID_Grado, Tipo_Matricula, ID_Alumno) VALUES
('2023', 5, 'Primaria', 118),
('2023', 5, 'Primaria', 119),
('2023', 5, 'Primaria', 120),
('2023', 5, 'Primaria', 121),
('2023', 5, 'Primaria', 122),
('2023', 5, 'Primaria', 123),
('2023', 5, 'Primaria', 124),
('2023', 5, 'Primaria', 125),
('2023', 5, 'Primaria', 126),
('2023', 5, 'Primaria', 127),
('2023', 5, 'Primaria', 128),
('2023', 5, 'Primaria', 129),
('2023', 5, 'Primaria', 130),
('2023', 5, 'Primaria', 131),
('2023', 5, 'Primaria', 132),
('2023', 5, 'Primaria', 133),
('2023', 5, 'Primaria', 134),
('2023', 5, 'Primaria', 135),
('2023', 5, 'Primaria', 136),
('2023', 5, 'Primaria', 137),
('2023', 5, 'Primaria', 138),
('2023', 5, 'Primaria', 139),
('2023', 5, 'Primaria', 140),
('2023', 5, 'Primaria', 141),
('2023', 5, 'Primaria', 142),
('2023', 5, 'Primaria', 143),
('2023', 5, 'Primaria', 144),
('2023', 5, 'Primaria', 145);


-- Insercion de calificacion de Alumno con las calificacion del docente Ana Grabiel
USE bd_cbe;

INSERT INTO calificacion (Calificacion_Obtenida, Fecha_Calificacion, ID_Alumno, ID_Asignatura, Corte_Evaluativo) VALUES
(94.5, '2023-04-05', 1, 1, 'Primer Corte'),
(88.7, '2023-04-05', 1, 2, 'Primer Corte'),
(92.3, '2023-04-05', 1, 3, 'Primer Corte'),
(87.5, '2023-04-05', 1, 4, 'Primer Corte'),
(91.0, '2023-04-05', 1, 5, 'Primer Corte'),
(89.5, '2023-04-05', 2, 1, 'Primer Corte'),
(76.2, '2023-04-05', 2, 2, 'Primer Corte'),
(85.0, '2023-04-05', 2, 3, 'Primer Corte'),
(90.4, '2023-04-05', 2, 4, 'Primer Corte'),
(92.8, '2023-04-05', 2, 5, 'Primer Corte'),
(84.3, '2023-04-05', 3, 1, 'Primer Corte'),
(90.1, '2023-04-05', 3, 2, 'Primer Corte'),
(78.5, '2023-04-05', 3, 3, 'Primer Corte'),
(87.6, '2023-04-05', 3, 4, 'Primer Corte'),
(89.2, '2023-04-05', 3, 5, 'Primer Corte'),
(93.5, '2023-04-05', 4, 1, 'Primer Corte'),
(82.7, '2023-04-05', 4, 2, 'Primer Corte'),
(91.3, '2023-04-05', 4, 3, 'Primer Corte'),
(86.4, '2023-04-05', 4, 4, 'Primer Corte'),
(95.0, '2023-04-05', 4, 5, 'Primer Corte'),
(85.2, '2023-04-05', 5, 1, 'Primer Corte'),
(88.6, '2023-04-05', 5, 2, 'Primer Corte'),
(92.9, '2023-04-05', 5, 3, 'Primer Corte'),
(83.7, '2023-04-05', 5, 4, 'Primer Corte'),
(91.4, '2023-04-05', 5, 5, 'Primer Corte'),
(79.8, '2023-04-05', 6, 1, 'Primer Corte'),
(88.0, '2023-04-05', 6, 2, 'Primer Corte'),
(90.5, '2023-04-05', 6, 3, 'Primer Corte'),
(85.6, '2023-04-05', 6, 4, 'Primer Corte'),
(93.1, '2023-04-05', 6, 5, 'Primer Corte'),
(91.2, '2023-04-05', 7, 1, 'Primer Corte'),
(86.8, '2023-04-05', 7, 2, 'Primer Corte'),
(94.6, '2023-04-05', 7, 3, 'Primer Corte'),
(80.3, '2023-04-05', 7, 4, 'Primer Corte'),
(89.9, '2023-04-05', 7, 5, 'Primer Corte'),
(88.4, '2023-04-05', 8, 1, 'Primer Corte'),
(77.1, '2023-04-05', 8, 2, 'Primer Corte'),
(90.2, '2023-04-05', 8, 3, 'Primer Corte'),
(83.9, '2023-04-05', 8, 4, 'Primer Corte'),
(92.3, '2023-04-05', 8, 5, 'Primer Corte'),
(86.5, '2023-04-05', 9, 1, 'Primer Corte'),
(80.2, '2023-04-05', 9, 2, 'Primer Corte'),
(93.7, '2023-04-05', 9, 3, 'Primer Corte'),
(84.8, '2023-04-05', 9, 4, 'Primer Corte'),
(90.6, '2023-04-05', 9, 5, 'Primer Corte'),
(87.9, '2023-04-05', 10, 1, 'Primer Corte'),
(92.5, '2023-04-05', 10, 2, 'Primer Corte'),
(81.0, '2023-04-05', 10, 3, 'Primer Corte'),
(89.3, '2023-04-05', 10, 4, 'Primer Corte'),
(94.4, '2023-04-05', 10, 5, 'Primer Corte'),
(87.5, '2023-04-06', 11, 1, 'Primer Corte'),
(91.0, '2023-04-07', 11, 2, 'Primer Corte'),
(86.3, '2023-04-08', 11, 3, 'Primer Corte'),
(82.1, '2023-04-09', 11, 4, 'Primer Corte'),
(90.4, '2023-04-10', 11, 5, 'Primer Corte'),
(85.7, '2023-04-11', 12, 1, 'Primer Corte'),
(89.5, '2023-04-12', 12, 2, 'Primer Corte'),
(93.8, '2023-04-13', 12, 3, 'Primer Corte'),
(79.6, '2023-04-14', 12, 4, 'Primer Corte'),
(88.2, '2023-04-15', 12, 5, 'Primer Corte'),
(84.4, '2023-04-16', 13, 1, 'Primer Corte'),
(92.1, '2023-04-17', 13, 2, 'Primer Corte'),
(87.5, '2023-04-18', 13, 3, 'Primer Corte'),
(90.3, '2023-04-19', 13, 4, 'Primer Corte'),
(85.2, '2023-04-20', 13, 5, 'Primer Corte'),
(90.6, '2023-04-21', 14, 1, 'Primer Corte'),
(83.9, '2023-04-22', 14, 2, 'Primer Corte'),
(78.8, '2023-04-23', 14, 3, 'Primer Corte'),
(91.7, '2023-04-24', 14, 4, 'Primer Corte'),
(86.5, '2023-04-25', 14, 5, 'Primer Corte'),
(82.3, '2023-04-26', 15, 1, 'Primer Corte'),
(94.0, '2023-04-27', 15, 2, 'Primer Corte'),
(88.6, '2023-04-28', 15, 3, 'Primer Corte'),
(93.2, '2023-04-29', 15, 4, 'Primer Corte'),
(85.7, '2023-04-30', 15, 5, 'Primer Corte'),
(89.9, '2023-04-06', 16, 1, 'Primer Corte'),
(91.3, '2023-04-07', 16, 2, 'Primer Corte'),
(86.8, '2023-04-08', 16, 3, 'Primer Corte'),
(80.4, '2023-04-09', 16, 4, 'Primer Corte'),
(94.7, '2023-04-10', 16, 5, 'Primer Corte'),
(87.1, '2023-04-11', 17, 1, 'Primer Corte'),
(89.4, '2023-04-12', 17, 2, 'Primer Corte'),
(92.2, '2023-04-13', 17, 3, 'Primer Corte'),
(85.6, '2023-04-14', 17, 4, 'Primer Corte'),
(91.9, '2023-04-15', 17, 5, 'Primer Corte'),
(88.2, '2023-04-16', 18, 1, 'Primer Corte'),
(86.7, '2023-04-17', 18, 2, 'Primer Corte'),
(90.5, '2023-04-18', 18, 3, 'Primer Corte'),
(84.3, '2023-04-19', 18, 4, 'Primer Corte'),
(93.0, '2023-04-20', 18, 5, 'Primer Corte'),
(89.7, '2023-04-21', 19, 1, 'Primer Corte'),
(91.1, '2023-04-22', 19, 2, 'Primer Corte'),
(87.4, '2023-04-23', 19, 3, 'Primer Corte'),
(82.8, '2023-04-24', 19, 4, 'Primer Corte'),
(94.6, '2023-04-25', 19, 5, 'Primer Corte'),
(85.0, '2023-04-26', 20, 1, 'Primer Corte'),
(89.2, '2023-04-27', 20, 2, 'Primer Corte'),
(91.5, '2023-04-28', 20, 3, 'Primer Corte'),
(88.3, '2023-04-29', 20, 4, 'Primer Corte'),
(92.7, '2023-04-30', 20, 5, 'Primer Corte'),
(87.9, '2023-04-05', 21, 1, 'Primer Corte'),
(90.1, '2023-04-06', 21, 2, 'Primer Corte'),
(88.6, '2023-04-07', 21, 3, 'Primer Corte'),
(85.3, '2023-04-08', 21, 4, 'Primer Corte'),
(92.4, '2023-04-09', 21, 5, 'Primer Corte'),
(89.7, '2023-04-10', 22, 1, 'Primer Corte'),
(86.2, '2023-04-11', 22, 2, 'Primer Corte'),
(94.5, '2023-04-12', 22, 3, 'Primer Corte'),
(82.9, '2023-04-13', 22, 4, 'Primer Corte'),
(91.0, '2023-04-14', 22, 5, 'Primer Corte'),
(87.4, '2023-04-15', 23, 1, 'Primer Corte'),
(90.8, '2023-04-16', 23, 2, 'Primer Corte'),
(89.3, '2023-04-17', 23, 3, 'Primer Corte'),
(83.5, '2023-04-18', 23, 4, 'Primer Corte'),
(94.1, '2023-04-19', 23, 5, 'Primer Corte'),
(88.7, '2023-04-20', 24, 1, 'Primer Corte'),
(91.2, '2023-04-21', 24, 2, 'Primer Corte'),
(86.8, '2023-04-22', 24, 3, 'Primer Corte'),
(84.9, '2023-04-23', 24, 4, 'Primer Corte'),
(93.6, '2023-04-24', 24, 5, 'Primer Corte'),
(85.5, '2023-04-25', 25, 1, 'Primer Corte'),
(89.9, '2023-04-26', 25, 2, 'Primer Corte'),
(92.0, '2023-04-27', 25, 3, 'Primer Corte'),
(87.1, '2023-04-28', 25, 4, 'Primer Corte'),
(90.3, '2023-04-29', 25, 5, 'Primer Corte'),
(86.0, '2023-04-30', 26, 1, 'Primer Corte'),
(88.4, '2023-05-01', 26, 2, 'Primer Corte'),
(93.7, '2023-05-02', 26, 3, 'Primer Corte'),
(82.6, '2023-05-03', 26, 4, 'Primer Corte'),
(91.8, '2023-05-04', 26, 5, 'Primer Corte'),
(89.5, '2023-05-05', 27, 1, 'Primer Corte'),
(87.0, '2023-05-06', 27, 2, 'Primer Corte'),
(90.2, '2023-05-07', 27, 3, 'Primer Corte'),
(85.4, '2023-05-08', 27, 4, 'Primer Corte'),
(93.0, '2023-05-09', 27, 5, 'Primer Corte'),
(88.3, '2023-05-10', 28, 1, 'Primer Corte'),
(91.7, '2023-05-11', 28, 2, 'Primer Corte'),
(86.1, '2023-05-12', 28, 3, 'Primer Corte'),
(84.7, '2023-05-13', 28, 4, 'Primer Corte'),
(92.6, '2023-05-14', 28, 5, 'Primer Corte'),
(87.8, '2023-05-15', 29, 1, 'Primer Corte'),
(90.6, '2023-05-16', 29, 2, 'Primer Corte'),
(88.2, '2023-05-17', 29, 3, 'Primer Corte'),
(85.9, '2023-05-18', 29, 4, 'Primer Corte'),
(93.4, '2023-05-19', 29, 5, 'Primer Corte'),
(89.1, '2023-05-20', 30, 1, 'Primer Corte'),
(86.5, '2023-05-21', 30, 2, 'Primer Corte'),
(94.8, '2023-05-22', 30, 3, 'Primer Corte'),
(83.0, '2023-05-23', 30, 4, 'Primer Corte'),
(92.7, '2023-05-24', 30, 5, 'Primer Corte'),
(90.0, '2023-05-25', 31, 1, 'Primer Corte'),
(87.3, '2023-05-26', 31, 2, 'Primer Corte'),
(92.4, '2023-05-27', 31, 3, 'Primer Corte'),
(85.6, '2023-05-28', 31, 4, 'Primer Corte'),
(91.2, '2023-05-29', 31, 5, 'Primer Corte'),
(88.7, '2023-05-30', 32, 1, 'Primer Corte'),
(91.5, '2023-05-31', 32, 2, 'Primer Corte'),
(87.9, '2023-06-01', 32, 3, 'Primer Corte'),
(84.2, '2023-06-02', 32, 4, 'Primer Corte'),
(93.8, '2023-06-03', 32, 5, 'Primer Corte');


-- Insercion de calificacion de Alumno con las calificacion del docente Luis Manuel

USE bd_cbe;

INSERT INTO calificacion (Calificacion_Obtenida, Fecha_Calificacion, ID_Alumno, ID_Asignatura, Corte_Evaluativo) VALUES
(88.1, '2023-04-06', 33, 6, 'Segundo Corte'),
(92.6, '2023-04-07', 33, 7, 'Segundo Corte'),
(86.3, '2023-04-08', 33, 8, 'Segundo Corte'),
(83.9, '2023-04-09', 33, 9, 'Segundo Corte'),
(91.4, '2023-04-10', 33, 10, 'Segundo Corte'),
(85.6, '2023-04-11', 34, 6, 'Segundo Corte'),
(89.2, '2023-04-12', 34, 7, 'Segundo Corte'),
(94.0, '2023-04-13', 34, 8, 'Segundo Corte'),
(82.4, '2023-04-14', 34, 9, 'Segundo Corte'),
(90.5, '2023-04-15', 34, 10, 'Segundo Corte'),
(87.5, '2023-04-16', 35, 6, 'Segundo Corte'),
(90.9, '2023-04-17', 35, 7, 'Segundo Corte'),
(89.1, '2023-04-18', 35, 8, 'Segundo Corte'),
(84.3, '2023-04-19', 35, 9, 'Segundo Corte'),
(93.7, '2023-04-20', 35, 10, 'Segundo Corte'),
(88.8, '2023-04-21', 36, 6, 'Segundo Corte'),
(91.3, '2023-04-22', 36, 7, 'Segundo Corte'),
(85.9, '2023-04-23', 36, 8, 'Segundo Corte'),
(83.2, '2023-04-24', 36, 9, 'Segundo Corte'),
(94.6, '2023-04-25', 36, 10, 'Segundo Corte'),
(86.4, '2023-04-26', 37, 6, 'Segundo Corte'),
(89.8, '2023-04-27', 37, 7, 'Segundo Corte'),
(92.5, '2023-04-28', 37, 8, 'Segundo Corte'),
(87.6, '2023-04-29', 37, 9, 'Segundo Corte'),
(91.0, '2023-04-30', 37, 10, 'Segundo Corte'),
(89.2, '2023-05-01', 38, 6, 'Segundo Corte'),
(86.7, '2023-05-02', 38, 7, 'Segundo Corte'),
(90.3, '2023-05-03', 38, 8, 'Segundo Corte'),
(85.1, '2023-05-04', 38, 9, 'Segundo Corte'),
(93.4, '2023-05-05', 38, 10, 'Segundo Corte'),
(87.9, '2023-05-06', 39, 6, 'Segundo Corte'),
(91.6, '2023-05-07', 39, 7, 'Segundo Corte'),
(88.2, '2023-05-08', 39, 8, 'Segundo Corte'),
(84.5, '2023-05-09', 39, 9, 'Segundo Corte'),
(92.1, '2023-05-10', 39, 10, 'Segundo Corte'),
(90.0, '2023-05-11', 40, 6, 'Segundo Corte'),
(87.4, '2023-05-12', 40, 7, 'Segundo Corte'),
(91.8, '2023-05-13', 40, 8, 'Segundo Corte'),
(83.7, '2023-05-14', 40, 9, 'Segundo Corte'),
(94.9, '2023-05-15', 40, 10, 'Segundo Corte'),
(85.2, '2023-05-16', 41, 6, 'Segundo Corte'),
(89.7, '2023-05-17', 41, 7, 'Segundo Corte'),
(93.0, '2023-05-18', 41, 8, 'Segundo Corte'),
(82.8, '2023-05-19', 41, 9, 'Segundo Corte'),
(91.5, '2023-05-20', 41, 10, 'Segundo Corte'),
(88.6, '2023-05-21', 42, 6, 'Segundo Corte'),
(92.2, '2023-05-22', 42, 7, 'Segundo Corte'),
(86.5, '2023-05-23', 42, 8, 'Segundo Corte'),
(85.0, '2023-05-24', 42, 9, 'Segundo Corte'),
(93.8, '2023-05-25', 42, 10, 'Segundo Corte'),
(89.3, '2023-05-26', 43, 6, 'Segundo Corte'),
(91.4, '2023-05-27', 43, 7, 'Segundo Corte'),
(87.0, '2023-05-28', 43, 8, 'Segundo Corte'),
(84.9, '2023-05-29', 43, 9, 'Segundo Corte'),
(94.7, '2023-05-30', 43, 10, 'Segundo Corte'),
(76.5, '2023-05-01', 44, 6, 'Segundo Corte'),
(82.4, '2023-05-02', 44, 7, 'Segundo Corte'),
(67.8, '2023-05-03', 44, 8, 'Segundo Corte'),
(90.2, '2023-05-04', 44, 9, 'Segundo Corte'),
(60.3, '2023-05-05', 44, 10, 'Segundo Corte'),
(74.9, '2023-05-06', 45, 6, 'Segundo Corte'),
(85.6, '2023-05-07', 45, 7, 'Segundo Corte'),
(88.1, '2023-05-08', 45, 8, 'Segundo Corte'),
(69.4, '2023-05-09', 45, 9, 'Segundo Corte'),
(95.7, '2023-05-10', 45, 10, 'Segundo Corte'),
(81.2, '2023-05-11', 46, 6, 'Segundo Corte'),
(78.5, '2023-05-12', 46, 7, 'Segundo Corte'),
(64.3, '2023-05-13', 46, 8, 'Segundo Corte'),
(83.6, '2023-05-14', 46, 9, 'Segundo Corte'),
(77.9, '2023-05-15', 46, 10, 'Segundo Corte'),
(70.0, '2023-05-16', 47, 6, 'Segundo Corte'),
(92.1, '2023-05-17', 47, 7, 'Segundo Corte'),
(88.4, '2023-05-18', 47, 8, 'Segundo Corte'),
(60.8, '2023-05-19', 47, 9, 'Segundo Corte'),
(86.3, '2023-05-20', 47, 10, 'Segundo Corte'),
(65.2, '2023-05-21', 48, 6, 'Segundo Corte'),
(89.7, '2023-05-22', 48, 7, 'Segundo Corte'),
(71.5, '2023-05-23', 48, 8, 'Segundo Corte'),
(93.8, '2023-05-24', 48, 9, 'Segundo Corte'),
(79.0, '2023-05-25', 48, 10, 'Segundo Corte'),
(84.6, '2023-05-26', 49, 6, 'Segundo Corte'),
(73.4, '2023-05-27', 49, 7, 'Segundo Corte'),
(60.1, '2023-05-28', 49, 8, 'Segundo Corte'),
(88.7, '2023-05-29', 49, 9, 'Segundo Corte'),
(94.2, '2023-05-30', 49, 10, 'Segundo Corte'),
(75.5, '2023-05-31', 50, 6, 'Segundo Corte'),
(80.9, '2023-06-01', 50, 7, 'Segundo Corte'),
(66.2, '2023-06-02', 50, 8, 'Segundo Corte'),
(91.3, '2023-06-03', 50, 9, 'Segundo Corte'),
(64.5, '2023-06-04', 50, 10, 'Segundo Corte'),
(83.7, '2023-06-05', 51, 6, 'Segundo Corte'),
(72.8, '2023-06-06', 51, 7, 'Segundo Corte'),
(95.4, '2023-06-07', 51, 8, 'Segundo Corte'),
(68.9, '2023-06-08', 51, 9, 'Segundo Corte'),
(78.6, '2023-06-09', 51, 10, 'Segundo Corte'),
(84.3, '2023-06-10', 52, 6, 'Segundo Corte'),
(75.2, '2023-06-11', 52, 7, 'Segundo Corte'),
(90.5, '2023-06-12', 52, 8, 'Segundo Corte'),
(63.0, '2023-06-13', 52, 9, 'Segundo Corte'),
(88.9, '2023-06-14', 52, 10, 'Segundo Corte'),
(80.5, '2023-06-15', 53, 6, 'Segundo Corte'),
(92.6, '2023-06-16', 53, 7, 'Segundo Corte'),
(78.4, '2023-06-17', 53, 8, 'Segundo Corte'),
(87.1, '2023-06-18', 53, 9, 'Segundo Corte'),
(70.2, '2023-06-19', 53, 10, 'Segundo Corte'),
(89.0, '2023-06-20', 54, 6, 'Segundo Corte'),
(81.3, '2023-06-21', 54, 7, 'Segundo Corte'),
(90.7, '2023-06-22', 54, 8, 'Segundo Corte'),
(75.8, '2023-06-23', 54, 9, 'Segundo Corte'),
(93.5, '2023-06-24', 54, 10, 'Segundo Corte'),
(82.4, '2023-06-15', 55, 6, 'Segundo Corte'),
(77.5, '2023-06-15', 55, 7, 'Segundo Corte'),
(90.3, '2023-06-15', 55, 8, 'Segundo Corte'),
(68.9, '2023-06-15', 55, 9, 'Segundo Corte'),
(85.7, '2023-06-15', 55, 10, 'Segundo Corte'),
(73.4, '2023-06-16', 56, 6, 'Segundo Corte'),
(88.6, '2023-06-16', 56, 7, 'Segundo Corte'),
(94.1, '2023-06-16', 56, 8, 'Segundo Corte'),
(65.0, '2023-06-16', 56, 9, 'Segundo Corte'),
(91.2, '2023-06-16', 56, 10, 'Segundo Corte'),
(86.3, '2023-06-17', 57, 6, 'Segundo Corte'),
(79.8, '2023-06-17', 57, 7, 'Segundo Corte'),
(92.5, '2023-06-17', 57, 8, 'Segundo Corte'),
(84.2, '2023-06-17', 57, 9, 'Segundo Corte'),
(90.7, '2023-06-17', 57, 10, 'Segundo Corte'),
(80.5, '2023-06-15', 58, 6, 'Segundo Corte'),
(92.3, '2023-06-15', 58, 7, 'Segundo Corte'),
(78.9, '2023-06-15', 58, 8, 'Segundo Corte'),
(87.6, '2023-06-15', 58, 9, 'Segundo Corte'),
(65.4, '2023-06-15', 58, 10, 'Segundo Corte'),
(71.0, '2023-06-16', 59, 6, 'Segundo Corte'),
(85.9, '2023-06-16', 59, 7, 'Segundo Corte'),
(90.4, '2023-06-16', 59, 8, 'Segundo Corte'),
(76.8, '2023-06-16', 59, 9, 'Segundo Corte'),
(93.1, '2023-06-16', 59, 10, 'Segundo Corte'),
(88.7, '2023-06-17', 60, 6, 'Segundo Corte'),
(74.2, '2023-06-17', 60, 7, 'Segundo Corte'),
(91.6, '2023-06-17', 60, 8, 'Segundo Corte'),
(83.3, '2023-06-17', 60, 9, 'Segundo Corte'),
(89.4, '2023-06-17', 60, 10, 'Segundo Corte'),
(80.2, '2023-06-15', 61, 6, 'Segundo Corte'),
(92.8, '2023-06-15', 61, 7, 'Segundo Corte'),
(76.5, '2023-06-15', 61, 8, 'Segundo Corte'),
(89.0, '2023-06-15', 61, 9, 'Segundo Corte'),
(67.9, '2023-06-15', 61, 10, 'Segundo Corte'),
(84.1, '2023-06-16', 62, 6, 'Segundo Corte'),
(78.4, '2023-06-16', 62, 7, 'Segundo Corte'),
(95.3, '2023-06-16', 62, 8, 'Segundo Corte'),
(69.2, '2023-06-16', 62, 9, 'Segundo Corte'),
(77.8, '2023-06-16', 62, 10, 'Segundo Corte'),
(89.6, '2023-06-17', 63, 6, 'Segundo Corte'),
(81.7, '2023-06-17', 63, 7, 'Segundo Corte'),
(90.9, '2023-06-17', 63, 8, 'Segundo Corte'),
(75.4, '2023-06-17', 63, 9, 'Segundo Corte'),
(94.0, '2023-06-17', 63, 10, 'Segundo Corte');



-- Insercion de calificacion de Alumno con las calificacion del docente Sofia Elene

USE bd_cbe;

INSERT INTO calificacion (Calificacion_Obtenida, Fecha_Calificacion, ID_Alumno, ID_Asignatura, Corte_Evaluativo) VALUES
(81.2, '2023-09-15', 64, 11, 'Primer Corte'),
(75.6, '2023-09-15', 64, 12, 'Primer Corte'),
(89.3, '2023-09-15', 64, 13, 'Primer Corte'),
(67.8, '2023-09-15', 64, 14, 'Primer Corte'),
(84.5, '2023-09-15', 64, 15, 'Primer Corte'),
(76.3, '2023-09-16', 65, 11, 'Primer Corte'),
(88.9, '2023-09-16', 65, 12, 'Primer Corte'),
(93.5, '2023-09-16', 65, 13, 'Primer Corte'),
(64.7, '2023-09-16', 65, 14, 'Primer Corte'),
(90.1, '2023-09-16', 65, 15, 'Primer Corte'),
(85.6, '2023-09-17', 66, 11, 'Primer Corte'),
(78.9, '2023-09-17', 66, 12, 'Primer Corte'),
(92.4, '2023-09-17', 66, 13, 'Primer Corte'),
(83.2, '2023-09-17', 66, 14, 'Primer Corte'),
(89.9, '2023-09-17', 66, 15, 'Primer Corte'),
(78.1, '2023-09-15', 67, 11, 'Primer Corte'),
(92.0, '2023-09-15', 67, 12, 'Primer Corte'),
(77.4, '2023-09-15', 67, 13, 'Primer Corte'),
(88.3, '2023-09-15', 67, 14, 'Primer Corte'),
(66.5, '2023-09-15', 67, 15, 'Primer Corte'),
(72.8, '2023-09-16', 68, 11, 'Primer Corte'),
(86.5, '2023-09-16', 68, 12, 'Primer Corte'),
(91.8, '2023-09-16', 68, 13, 'Primer Corte'),
(75.9, '2023-09-16', 68, 14, 'Primer Corte'),
(92.7, '2023-09-16', 68, 15, 'Primer Corte'),
(87.3, '2023-09-17', 69, 11, 'Primer Corte'),
(73.5, '2023-09-17', 69, 12, 'Primer Corte'),
(90.2, '2023-09-17', 69, 13, 'Primer Corte'),
(82.6, '2023-09-17', 69, 14, 'Primer Corte'),
(91.5, '2023-09-17', 69, 15, 'Primer Corte'),
(79.4, '2023-09-15', 70, 11, 'Primer Corte'),
(93.2, '2023-09-15', 70, 12, 'Primer Corte'),
(76.7, '2023-09-15', 70, 13, 'Primer Corte'),
(89.7, '2023-09-15', 70, 14, 'Primer Corte'),
(68.4, '2023-09-15', 70, 15, 'Primer Corte'),
(83.9, '2023-09-16', 71, 11, 'Primer Corte'),
(77.8, '2023-09-16', 71, 12, 'Primer Corte'),
(94.5, '2023-09-16', 71, 13, 'Primer Corte'),
(69.3, '2023-09-16', 71, 14, 'Primer Corte'),
(78.6, '2023-09-16', 71, 15, 'Primer Corte'),
(90.6, '2023-09-17', 72, 11, 'Primer Corte'),
(82.7, '2023-09-17', 72, 12, 'Primer Corte'),
(91.1, '2023-09-17', 72, 13, 'Primer Corte'),
(76.3, '2023-09-17', 72, 14, 'Primer Corte'),
(93.9, '2023-09-17', 72, 15, 'Primer Corte'),
(80.2, '2023-09-15', 73, 11, 'Primer Corte'),
(92.8, '2023-09-15', 73, 12, 'Primer Corte'),
(75.4, '2023-09-15', 73, 13, 'Primer Corte'),
(88.0, '2023-09-15', 73, 14, 'Primer Corte'),
(67.9, '2023-09-15', 73, 15, 'Primer Corte'),
(84.1, '2023-09-16', 74, 11, 'Primer Corte'),
(78.4, '2023-09-16', 74, 12, 'Primer Corte'),
(95.3, '2023-09-16', 74, 13, 'Primer Corte'),
(69.2, '2023-09-16', 74, 14, 'Primer Corte'),
(77.8, '2023-09-16', 74, 15, 'Primer Corte'),
(89.6, '2023-09-17', 75, 11, 'Primer Corte'),
(81.7, '2023-09-17', 75, 12, 'Primer Corte'),
(90.9, '2023-09-17', 75, 13, 'Primer Corte'),
(75.4, '2023-09-17', 75, 14, 'Primer Corte'),
(94.0, '2023-09-17', 75, 15, 'Primer Corte'),
(82.3, '2023-09-15', 76, 11, 'Primer Corte'),
(74.9, '2023-09-15', 76, 12, 'Primer Corte'),
(91.3, '2023-09-15', 76, 13, 'Primer Corte'),
(85.2, '2023-09-15', 76, 14, 'Primer Corte'),
(78.7, '2023-09-15', 76, 15, 'Primer Corte'),
(87.5, '2023-09-16', 77, 11, 'Primer Corte'),
(80.6, '2023-09-16', 77, 12, 'Primer Corte'),
(92.7, '2023-09-16', 77, 13, 'Primer Corte'),
(72.1, '2023-09-16', 77, 14, 'Primer Corte'),
(81.9, '2023-09-16', 77, 15, 'Primer Corte'),
(88.4, '2023-09-17', 78, 11, 'Primer Corte'),
(79.3, '2023-09-17', 78, 12, 'Primer Corte'),
(93.6, '2023-09-17', 78, 13, 'Primer Corte'),
(70.5, '2023-09-17', 78, 14, 'Primer Corte'),
(83.8, '2023-09-17', 78, 15, 'Primer Corte'),
(63.2, '2023-09-15', 79, 11, 'Primer Corte'),
(67.5, '2023-09-15', 79, 12, 'Primer Corte'),
(65.3, '2023-09-15', 79, 13, 'Primer Corte'),
(62.8, '2023-09-15', 79, 14, 'Primer Corte'),
(61.4, '2023-09-15', 79, 15, 'Primer Corte'),
(68.9, '2023-09-16', 80, 11, 'Primer Corte'),
(62.7, '2023-09-16', 80, 12, 'Primer Corte'),
(69.8, '2023-09-16', 80, 13, 'Primer Corte'),
(64.5, '2023-09-16', 80, 14, 'Primer Corte'),
(66.2, '2023-09-16', 80, 15, 'Primer Corte'),
(64.1, '2023-09-17', 81, 11, 'Primer Corte'),
(68.3, '2023-09-17', 81, 12, 'Primer Corte'),
(63.9, '2023-09-17', 81, 13, 'Primer Corte'),
(66.7, '2023-09-17', 81, 14, 'Primer Corte'),
(60.5, '2023-09-17', 81, 15, 'Primer Corte'),
(65.7, '2023-09-15', 82, 11, 'Primer Corte'),
(67.1, '2023-09-15', 82, 12, 'Primer Corte'),
(61.8, '2023-09-15', 82, 13, 'Primer Corte'),
(63.4, '2023-09-15', 82, 14, 'Primer Corte'),
(62.6, '2023-09-15', 82, 15, 'Primer Corte'),
(66.3, '2023-09-16', 83, 11, 'Primer Corte'),
(63.5, '2023-09-16', 83, 12, 'Primer Corte'),
(67.2, '2023-09-16', 83, 13, 'Primer Corte'),
(60.9, '2023-09-16', 83, 14, 'Primer Corte'),
(68.4, '2023-09-16', 83, 15, 'Primer Corte'),
(61.5, '2023-09-17', 84, 11, 'Primer Corte'),
(62.3, '2023-09-17', 84, 12, 'Primer Corte'),
(65.6, '2023-09-17', 84, 13, 'Primer Corte'),
(67.9, '2023-09-17', 84, 14, 'Primer Corte'),
(64.8, '2023-09-17', 84, 15, 'Primer Corte'),
(62.2, '2023-09-15', 85, 11, 'Primer Corte'),
(60.4, '2023-09-15', 85, 12, 'Primer Corte'),
(66.1, '2023-09-15', 85, 13, 'Primer Corte'),
(63.7, '2023-09-15', 85, 14, 'Primer Corte'),
(61.2, '2023-09-15', 85, 15, 'Primer Corte'),
(67.4, '2023-09-16', 86, 11, 'Primer Corte'),
(65.2, '2023-09-16', 86, 12, 'Primer Corte'),
(62.5, '2023-09-16', 86, 13, 'Primer Corte'),
(61.3, '2023-09-16', 86, 14, 'Primer Corte'),
(64.9, '2023-09-16', 86, 15, 'Primer Corte'),
(60.6, '2023-09-17', 87, 11, 'Primer Corte'),
(63.1, '2023-09-17', 87, 12, 'Primer Corte'),
(61.7, '2023-09-17', 87, 13, 'Primer Corte'),
(66.5, '2023-09-17', 87, 14, 'Primer Corte'),
(62.4, '2023-09-17', 87, 15, 'Primer Corte'),
(64.2, '2023-09-15', 88, 11, 'Primer Corte'),
(66.8, '2023-09-15', 88, 12, 'Primer Corte'),
(61.9, '2023-09-15', 88, 13, 'Primer Corte'),
(63.6, '2023-09-15', 88, 14, 'Primer Corte'),
(60.7, '2023-09-15', 88, 15, 'Primer Corte'),
(65.8, '2023-09-16', 89, 11, 'Primer Corte'),
(63.3, '2023-09-16', 89, 12, 'Primer Corte'),
(67.6, '2023-09-16', 89, 13, 'Primer Corte'),
(60.3, '2023-09-16', 89, 14, 'Primer Corte'),
(68.7, '2023-09-16', 89, 15, 'Primer Corte'),
(60.2, '2023-09-17', 90, 11, 'Primer Corte'),
(66.6, '2023-09-17', 90, 12, 'Primer Corte'),
(62.1, '2023-09-17', 90, 13, 'Primer Corte'),
(67.3, '2023-09-17', 90, 14, 'Primer Corte'),
(61.1, '2023-09-17', 90, 15, 'Primer Corte'),
(68.5, '2023-09-15', 91, 11, 'Primer Corte'),
(64.3, '2023-09-15', 91, 12, 'Primer Corte'),
(61.6, '2023-09-15', 91, 13, 'Primer Corte'),
(63.8, '2023-09-15', 91, 14, 'Primer Corte'),
(60.8, '2023-09-15', 91, 15, 'Primer Corte'),
(66.4, '2023-09-16', 92, 11, 'Primer Corte'),
(64.6, '2023-09-16', 92, 12, 'Primer Corte'),
(62.9, '2023-09-16', 92, 13, 'Primer Corte'),
(65.4, '2023-09-16', 92, 14, 'Primer Corte'),
(67.7, '2023-09-16', 92, 15, 'Primer Corte');



-- Insercion de calificacion de Alumno con las calificacion del docente Marco Antonio

USE bd_cbe;

INSERT INTO calificacion (Calificacion_Obtenida, Fecha_Calificacion, ID_Alumno, ID_Asignatura, Corte_Evaluativo) VALUES
(75.2, '2023-12-15', 93, 16, 'Tercer Corte'),
(83.6, '2023-12-15', 93, 17, 'Tercer Corte'),
(65.9, '2023-12-15', 93, 18, 'Tercer Corte'),
(91.4, '2023-12-15', 93, 19, 'Tercer Corte'),
(70.3, '2023-12-15', 93, 20, 'Tercer Corte'),
(88.1, '2023-12-16', 94, 16, 'Tercer Corte'),
(77.9, '2023-12-16', 94, 17, 'Tercer Corte'),
(82.4, '2023-12-16', 94, 18, 'Tercer Corte'),
(69.5, '2023-12-16', 94, 19, 'Tercer Corte'),
(85.7, '2023-12-16', 94, 20, 'Tercer Corte'),
(79.3, '2023-12-17', 95, 16, 'Tercer Corte'),
(70.8, '2023-12-17', 95, 17, 'Tercer Corte'),
(84.5, '2023-12-17', 95, 18, 'Tercer Corte'),
(76.1, '2023-12-17', 95, 19, 'Tercer Corte'),
(90.2, '2023-12-17', 95, 20, 'Tercer Corte'),
(86.2, '2023-12-15', 96, 16, 'Tercer Corte'),
(72.6, '2023-12-15', 96, 17, 'Tercer Corte'),
(88.9, '2023-12-15', 96, 18, 'Tercer Corte'),
(78.3, '2023-12-15', 96, 19, 'Tercer Corte'),
(67.4, '2023-12-15', 96, 20, 'Tercer Corte'),
(83.7, '2023-12-16', 97, 16, 'Tercer Corte'),
(75.6, '2023-12-16', 97, 17, 'Tercer Corte'),
(90.3, '2023-12-16', 97, 18, 'Tercer Corte'),
(74.9, '2023-12-16', 97, 19, 'Tercer Corte'),
(79.8, '2023-12-16', 97, 20, 'Tercer Corte'),
(81.9, '2023-12-17', 98, 16, 'Tercer Corte'),
(78.5, '2023-12-17', 98, 17, 'Tercer Corte'),
(86.7, '2023-12-17', 98, 18, 'Tercer Corte'),
(71.5, '2023-12-17', 98, 19, 'Tercer Corte'),
(88.4, '2023-12-17', 98, 20, 'Tercer Corte'),
(80.4, '2023-12-15', 99, 16, 'Tercer Corte'),
(81.2, '2023-12-15', 99, 17, 'Tercer Corte'),
(67.9, '2023-12-15', 99, 18, 'Tercer Corte'),
(89.6, '2023-12-15', 99, 19, 'Tercer Corte'),
(73.1, '2023-12-15', 99, 20, 'Tercer Corte'),
(82.8, '2023-12-16', 100, 16, 'Tercer Corte'),
(79.2, '2023-12-16', 100, 17, 'Tercer Corte'),
(72.3, '2023-12-16', 100, 18, 'Tercer Corte'),
(87.3, '2023-12-16', 100, 19, 'Tercer Corte'),
(68.7, '2023-12-16', 100, 20, 'Tercer Corte'),
(85.6, '2023-12-17', 101, 16, 'Tercer Corte'),
(76.4, '2023-12-17', 101, 17, 'Tercer Corte'),
(75.2, '2023-12-17', 101, 18, 'Tercer Corte'),
(84.8, '2023-12-17', 101, 19, 'Tercer Corte'),
(70.9, '2023-12-17', 101, 20, 'Tercer Corte'),
(83.1, '2023-12-15', 102, 16, 'Tercer Corte'),
(80.3, '2023-12-15', 102, 17, 'Tercer Corte'),
(71.8, '2023-12-15', 102, 18, 'Tercer Corte'),
(86.9, '2023-12-15', 102, 19, 'Tercer Corte'),
(66.2, '2023-12-15', 102, 20, 'Tercer Corte'),
(84.5, '2023-12-16', 103, 16, 'Tercer Corte'),
(77.5, '2023-12-16', 103, 17, 'Tercer Corte'),
(77.9, '2023-12-16', 103, 18, 'Tercer Corte'),
(83.2, '2023-12-16', 103, 19, 'Tercer Corte'),
(69.7, '2023-12-16', 103, 20, 'Tercer Corte'),
(82.3, '2023-12-17', 104, 16, 'Tercer Corte'),
(79.8, '2023-12-17', 104, 17, 'Tercer Corte'),
(79.1, '2023-12-17', 104, 18, 'Tercer Corte'),
(85.6, '2023-12-17', 104, 19, 'Tercer Corte'),
(70.6, '2023-12-17', 104, 20, 'Tercer Corte'),
(80.9, '2023-12-15', 105, 16, 'Tercer Corte'),
(78.4, '2023-12-15', 105, 17, 'Tercer Corte'),
(74.6, '2023-12-15', 105, 18, 'Tercer Corte'),
(88.2, '2023-12-15', 105, 19, 'Tercer Corte'),
(67.3, '2023-12-15', 105, 20, 'Tercer Corte'),
(86.7, '2023-12-16', 106, 16, 'Tercer Corte'),
(76.8, '2023-12-16', 106, 17, 'Tercer Corte'),
(72.9, '2023-12-16', 106, 18, 'Tercer Corte'),
(85.3, '2023-12-16', 106, 19, 'Tercer Corte'),
(71.2, '2023-12-16', 106, 20, 'Tercer Corte'),
(81.4, '2023-12-17', 107, 16, 'Tercer Corte'),
(80.2, '2023-12-17', 107, 17, 'Tercer Corte'),
(78.3, '2023-12-17', 107, 18, 'Tercer Corte'),
(84.7, '2023-12-17', 107, 19, 'Tercer Corte'),
(68.9, '2023-12-17', 107, 20, 'Tercer Corte'),
(79.6, '2023-12-15', 108, 16, 'Tercer Corte'),
(77.3, '2023-12-15', 108, 17, 'Tercer Corte'),
(76.2, '2023-12-15', 108, 18, 'Tercer Corte'),
(89.1, '2023-12-15', 108, 19, 'Tercer Corte'),
(69.8, '2023-12-15', 108, 20, 'Tercer Corte'),
(85.2, '2023-12-15', 109, 16, 'Tercer Corte'),
(79.7, '2023-12-15', 109, 17, 'Tercer Corte'),
(82.3, '2023-12-15', 109, 18, 'Tercer Corte'),
(87.6, '2023-12-15', 109, 19, 'Tercer Corte'),
(74.9, '2023-12-15', 109, 20, 'Tercer Corte'),
(83.1, '2023-12-16', 110, 16, 'Tercer Corte'),
(76.5, '2023-12-16', 110, 17, 'Tercer Corte'),
(80.8, '2023-12-16', 110, 18, 'Tercer Corte'),
(86.4, '2023-12-16', 110, 19, 'Tercer Corte'),
(72.3, '2023-12-16', 110, 20, 'Tercer Corte'),
(81.6, '2023-12-17', 111, 16, 'Tercer Corte'),
(78.2, '2023-12-17', 111, 17, 'Tercer Corte'),
(81.3, '2023-12-17', 111, 18, 'Tercer Corte'),
(85.7, '2023-12-17', 111, 19, 'Tercer Corte'),
(76.8, '2023-12-17', 111, 20, 'Tercer Corte'),
(80.4, '2023-12-15', 112, 16, 'Tercer Corte'),
(77.9, '2023-12-15', 112, 17, 'Tercer Corte'),
(79.5, '2023-12-15', 112, 18, 'Tercer Corte'),
(84.3, '2023-12-15', 112, 19, 'Tercer Corte'),
(73.6, '2023-12-15', 112, 20, 'Tercer Corte'),
(82.7, '2023-12-16', 113, 16, 'Tercer Corte'),
(75.6, '2023-12-16', 113, 17, 'Tercer Corte'),
(78.9, '2023-12-16', 113, 18, 'Tercer Corte'),
(83.2, '2023-12-16', 113, 19, 'Tercer Corte'),
(71.8, '2023-12-16', 113, 20, 'Tercer Corte'),
(79.8, '2023-12-17', 114, 16, 'Tercer Corte'),
(76.4, '2023-12-17', 114, 17, 'Tercer Corte'),
(77.2, '2023-12-17', 114, 18, 'Tercer Corte'),
(81.9, '2023-12-17', 114, 19, 'Tercer Corte'),
(75.3, '2023-12-17', 114, 20, 'Tercer Corte'),
(81.3, '2023-12-15', 115, 16, 'Tercer Corte'),
(78.7, '2023-12-15', 115, 17, 'Tercer Corte'),
(80.1, '2023-12-15', 115, 18, 'Tercer Corte'),
(85.2, '2023-12-15', 115, 19, 'Tercer Corte'),
(74.6, '2023-12-15', 115, 20, 'Tercer Corte'),
(83.9, '2023-12-16', 116, 16, 'Tercer Corte'),
(77.8, '2023-12-16', 116, 17, 'Tercer Corte'),
(79.3, '2023-12-16', 116, 18, 'Tercer Corte'),
(82.6, '2023-12-16', 116, 19, 'Tercer Corte'),
(73.5, '2023-12-16', 116, 20, 'Tercer Corte'),
(80.5, '2023-12-17', 117, 16, 'Tercer Corte'),
(76.9, '2023-12-17', 117, 17, 'Tercer Corte'),
(77.8, '2023-12-17', 117, 18, 'Tercer Corte'),
(81.5, '2023-12-17', 117, 19, 'Tercer Corte'),
(75.7, '2023-12-17', 117, 20, 'Tercer Corte');



-- Insercion de calificacion de Alumno con las calificacion del docente Diana Carolina

USE bd_cbe;

INSERT INTO calificacion (Calificacion_Obtenida, Fecha_Calificacion, ID_Alumno, ID_Asignatura, Corte_Evaluativo) VALUES
(82.5, '2024-03-15', 118, 21, 'Cuarto Corte'),
(75.3, '2024-03-15', 118, 22, 'Cuarto Corte'),
(88.9, '2024-03-15', 118, 23, 'Cuarto Corte'),
(79.6, '2024-03-15', 118, 24, 'Cuarto Corte'),
(84.7, '2024-03-15', 118, 25, 'Cuarto Corte'),
(79.1, '2024-03-16', 119, 21, 'Cuarto Corte'),
(81.2, '2024-03-16', 119, 22, 'Cuarto Corte'),
(83.4, '2024-03-16', 119, 23, 'Cuarto Corte'),
(76.5, '2024-03-16', 119, 24, 'Cuarto Corte'),
(87.3, '2024-03-16', 119, 25, 'Cuarto Corte'),
(85.6, '2024-03-17', 120, 21, 'Cuarto Corte'),
(77.8, '2024-03-17', 120, 22, 'Cuarto Corte'),
(80.9, '2024-03-17', 120, 23, 'Cuarto Corte'),
(72.3, '2024-03-17', 120, 24, 'Cuarto Corte'),
(89.2, '2024-03-17', 120, 25, 'Cuarto Corte'),
(83.2, '2024-03-15', 121, 21, 'Cuarto Corte'),
(76.5, '2024-03-15', 121, 22, 'Cuarto Corte'),
(81.4, '2024-03-15', 121, 23, 'Cuarto Corte'),
(75.8, '2024-03-15', 121, 24, 'Cuarto Corte'),
(86.9, '2024-03-15', 121, 25, 'Cuarto Corte'),
(80.4, '2024-03-16', 122, 21, 'Cuarto Corte'),
(79.2, '2024-03-16', 122, 22, 'Cuarto Corte'),
(82.3, '2024-03-16', 122, 23, 'Cuarto Corte'),
(77.6, '2024-03-16', 122, 24, 'Cuarto Corte'),
(88.1, '2024-03-16', 122, 25, 'Cuarto Corte'),
(84.7, '2024-03-17', 123, 21, 'Cuarto Corte'),
(77.3, '2024-03-17', 123, 22, 'Cuarto Corte'),
(79.8, '2024-03-17', 123, 23, 'Cuarto Corte'),
(73.5, '2024-03-17', 123, 24, 'Cuarto Corte'),
(85.6, '2024-03-17', 123, 25, 'Cuarto Corte'),
(81.3, '2024-03-15', 124, 21, 'Cuarto Corte'),
(76.8, '2024-03-15', 124, 22, 'Cuarto Corte'),
(80.1, '2024-03-15', 124, 23, 'Cuarto Corte'),
(74.6, '2024-03-15', 124, 24, 'Cuarto Corte'),
(86.2, '2024-03-15', 124, 25, 'Cuarto Corte'),
(82.3, '2024-03-16', 125, 21, 'Cuarto Corte'),
(75.6, '2024-03-16', 125, 22, 'Cuarto Corte'),
(78.9, '2024-03-16', 125, 23, 'Cuarto Corte'),
(83.2, '2024-03-16', 125, 24, 'Cuarto Corte'),
(71.8, '2024-03-16', 125, 25, 'Cuarto Corte'),
(79.8, '2024-03-17', 126, 21, 'Cuarto Corte'),
(76.4, '2024-03-17', 126, 22, 'Cuarto Corte'),
(77.2, '2024-03-17', 126, 23, 'Cuarto Corte'),
(81.9, '2024-03-17', 126, 24, 'Cuarto Corte'),
(75.3, '2024-03-17', 126, 25, 'Cuarto Corte'),
(81.3, '2024-03-15', 127, 21, 'Cuarto Corte'),
(78.7, '2024-03-15', 127, 22, 'Cuarto Corte'),
(80.1, '2024-03-15', 127, 23, 'Cuarto Corte'),
(85.2, '2024-03-15', 127, 24, 'Cuarto Corte'),
(74.6, '2024-03-15', 127, 25, 'Cuarto Corte'),
(83.9, '2024-03-16', 128, 21, 'Cuarto Corte'),
(77.8, '2024-03-16', 128, 22, 'Cuarto Corte'),
(79.3, '2024-03-16', 128, 23, 'Cuarto Corte'),
(82.6, '2024-03-16', 128, 24, 'Cuarto Corte'),
(73.5, '2024-03-16', 128, 25, 'Cuarto Corte'),
(80.5, '2024-03-17', 129, 21, 'Cuarto Corte'),
(76.9, '2024-03-17', 129, 22, 'Cuarto Corte'),
(77.8, '2024-03-17', 129, 23, 'Cuarto Corte'),
(81.5, '2024-03-17', 129, 24, 'Cuarto Corte'),
(75.7, '2024-03-17', 129, 25, 'Cuarto Corte'),
(82.4, '2024-03-15', 130, 21, 'Cuarto Corte'),
(75.3, '2024-03-15', 130, 22, 'Cuarto Corte'),
(88.9, '2024-03-15', 130, 23, 'Cuarto Corte'),
(79.6, '2024-03-15', 130, 24, 'Cuarto Corte'),
(84.7, '2024-03-15', 130, 25, 'Cuarto Corte'),
(79.1, '2024-03-16', 131, 21, 'Cuarto Corte'),
(81.2, '2024-03-16', 131, 22, 'Cuarto Corte'),
(83.4, '2024-03-16', 131, 23, 'Cuarto Corte'),
(76.5, '2024-03-16', 131, 24, 'Cuarto Corte'),
(87.3, '2024-03-16', 131, 25, 'Cuarto Corte'),
(85.6, '2024-03-17', 132, 21, 'Cuarto Corte'),
(77.8, '2024-03-17', 132, 22, 'Cuarto Corte'),
(80.9, '2024-03-17', 132, 23, 'Cuarto Corte'),
(72.3, '2024-03-17', 132, 24, 'Cuarto Corte'),
(89.2, '2024-03-17', 132, 25, 'Cuarto Corte'),
(85.2, '2024-03-15', 133, 21, 'Cuarto Corte'),
(79.7, '2024-03-15', 133, 22, 'Cuarto Corte'),
(82.3, '2024-03-15', 133, 23, 'Cuarto Corte'),
(87.6, '2024-03-15', 133, 24, 'Cuarto Corte'),
(74.9, '2024-03-15', 133, 25, 'Cuarto Corte'),
(83.1, '2024-03-16', 134, 21, 'Cuarto Corte'),
(76.5, '2024-03-16', 134, 22, 'Cuarto Corte'),
(80.8, '2024-03-16', 134, 23, 'Cuarto Corte'),
(86.4, '2024-03-16', 134, 24, 'Cuarto Corte'),
(72.3, '2024-03-16', 134, 25, 'Cuarto Corte'),
(81.6, '2024-03-17', 135, 21, 'Cuarto Corte'),
(78.2, '2024-03-17', 135, 22, 'Cuarto Corte'),
(81.3, '2024-03-17', 135, 23, 'Cuarto Corte'),
(85.7, '2024-03-17', 135, 24, 'Cuarto Corte'),
(76.8, '2024-03-17', 135, 25, 'Cuarto Corte'),
(80.4, '2024-03-15', 136, 21, 'Cuarto Corte'),
(77.9, '2024-03-15', 136, 22, 'Cuarto Corte'),
(79.5, '2024-03-15', 136, 23, 'Cuarto Corte'),
(84.3, '2024-03-15', 136, 24, 'Cuarto Corte'),
(73.6, '2024-03-15', 136, 25, 'Cuarto Corte'),
(82.7, '2024-03-16', 137, 21, 'Cuarto Corte'),
(75.6, '2024-03-16', 137, 22, 'Cuarto Corte'),
(78.9, '2024-03-16', 137, 23, 'Cuarto Corte'),
(83.2, '2024-03-16', 137, 24, 'Cuarto Corte'),
(71.8, '2024-03-16', 137, 25, 'Cuarto Corte'),
(79.8, '2024-03-17', 138, 21, 'Cuarto Corte'),
(76.4, '2024-03-17', 138, 22, 'Cuarto Corte'),
(77.2, '2024-03-17', 138, 23, 'Cuarto Corte'),
(81.9, '2024-03-17', 138, 24, 'Cuarto Corte'),
(75.3, '2024-03-17', 138, 25, 'Cuarto Corte'),
(81.3, '2024-03-15', 139, 21, 'Cuarto Corte'),
(78.7, '2024-03-15', 139, 22, 'Cuarto Corte'),
(80.1, '2024-03-15', 139, 23, 'Cuarto Corte'),
(85.2, '2024-03-15', 139, 24, 'Cuarto Corte'),
(74.6, '2024-03-15', 139, 25, 'Cuarto Corte'),
(83.9, '2024-03-16', 140, 21, 'Cuarto Corte'),
(77.8, '2024-03-16', 140, 22, 'Cuarto Corte'),
(79.3, '2024-03-16', 140, 23, 'Cuarto Corte'),
(82.6, '2024-03-16', 140, 24, 'Cuarto Corte'),
(73.5, '2024-03-16', 140, 25, 'Cuarto Corte'),
(80.5, '2024-03-17', 141, 21, 'Cuarto Corte'),
(76.9, '2024-03-17', 141, 22, 'Cuarto Corte'),
(77.8, '2024-03-17', 141, 23, 'Cuarto Corte'),
(81.5, '2024-03-17', 141, 24, 'Cuarto Corte'),
(75.7, '2024-03-17', 141, 25, 'Cuarto Corte'),
(82.4, '2024-03-15', 142, 21, 'Cuarto Corte'),
(75.3, '2024-03-15', 142, 22, 'Cuarto Corte'),
(88.9, '2024-03-15', 142, 23, 'Cuarto Corte'),
(79.6, '2024-03-15', 142, 24, 'Cuarto Corte'),
(84.7, '2024-03-15', 142, 25, 'Cuarto Corte'),
(79.1, '2024-03-16', 143, 21, 'Cuarto Corte'),
(81.2, '2024-03-16', 143, 22, 'Cuarto Corte'),
(83.4, '2024-03-16', 143, 23, 'Cuarto Corte'),
(76.5, '2024-03-16', 143, 24, 'Cuarto Corte'),
(87.3, '2024-03-16', 143, 25, 'Cuarto Corte'),
(85.6, '2024-03-17', 144, 21, 'Cuarto Corte'),
(77.8, '2024-03-17', 144, 22, 'Cuarto Corte'),
(80.9, '2024-03-17', 144, 23, 'Cuarto Corte'),
(72.3, '2024-03-17', 144, 24, 'Cuarto Corte'),
(89.2, '2024-03-17', 144, 25, 'Cuarto Corte'),
(83.2, '2024-03-15', 145, 21, 'Cuarto Corte'),
(76.5, '2024-03-15', 145, 22, 'Cuarto Corte'),
(81.4, '2024-03-15', 145, 23, 'Cuarto Corte'),
(75.8, '2024-03-15', 145, 24, 'Cuarto Corte'),
(86.9, '2024-03-15', 145, 25, 'Cuarto Corte');





